width,height,depth,longest_edge,shortest_edge,diagonal,volume,dimensions,bounds,backend,url,filename,uid,unit_classification
8.508000135421753,5.499000072479249,7.5868799686431885,8.508000135421753,5.499000072479249,12.656453522217928,354.9559224062217,"[8.508000135421753, 5.499000072479249, 7.5868799686431885]","[-3.0230000019073486, 5.485000133514404, -8.053291212775573e-16, 5.499000072479248, -3.9600000381469727, 3.626879930496216]",open3d,https://huggingface.co/datasets/allenai/objaverse/resolve/main/glbs/000-023/8476c4170df24cf5bbe6967222d1a42d.glb,8476c4170df24cf5bbe6967222d1a42d.glb,8476c4170df24cf5bbe6967222d1a42d,Likely Meters
5.207219123840332,5.316364675760269,4.99942684173584,5.316364675760269,4.99942684173584,8.965106419626531,138.40151203169984,"[5.207219123840332, 5.316364675760269, 4.99942684173584]","[-1.7545857429504395, 3.4526333808898926, 0.19225940108299255, 5.508624076843262, -2.49971342086792, 2.49971342086792]",open3d,https://huggingface.co/datasets/allenai/objaverse/resolve/main/glbs/000-023/8ff7f1f2465347cd8b80c9b206c2781e.glb,8ff7f1f2465347cd8b80c9b206c2781e.glb,8ff7f1f2465347cd8b80c9b206c2781e,Likely Meters
18495.0,5900.0,13750.0,18495.0,5900.0,23789.44146044627,1500406875000.0,"[18495.0, 5900.0, 13750.0]","[-14020.0, 4475.0, -5150.0, 750.0, -10375.0, 3375.0]",open3d,https://huggingface.co/datasets/allenai/objaverse/resolve/main/glbs/000-023/c786b97d08b94d02a1fa3b87d2e86cf1.glb,c786b97d08b94d02a1fa3b87d2e86cf1.glb,c786b97d08b94d02a1fa3b87d2e86cf1,Extremely Large/Invalid
23428.771484375,8091.056640625,28909.266311645508,28909.266311645508,8091.056640625,38080.417664549146,5480142198825.838,"[23428.771484375, 8091.056640625, 28909.266311645508]","[-11714.3857421875, 11714.3857421875, -4726.595703125, 3364.4609375, -28700.65234375, 208.6139678955078]",open3d,https://huggingface.co/datasets/allenai/objaverse/resolve/main/glbs/000-023/139331da744542009f146018fd0e05f4.glb,139331da744542009f146018fd0e05f4.glb,139331da744542009f146018fd0e05f4,Extremely Large/Invalid
14.798950672149658,24.56058979034424,24.560588836669922,24.56058979034424,14.798950672149658,37.755185549143256,8927.060723697048,"[14.798950672149658, 24.56058979034424, 24.560588836669922]","[-12.012947082519531, 2.786003589630127, 0.044028282165527344, 24.604618072509766, -12.240883827209473, 12.31970500946045]",open3d,https://huggingface.co/datasets/allenai/objaverse/resolve/main/glbs/000-023/be2c02614d774f9da672dfdc44015219.glb,be2c02614d774f9da672dfdc44015219.glb,be2c02614d774f9da672dfdc44015219,Likely Meters
127.2100601196289,26.934967041015625,51.84183883666992,127.2100601196289,26.934967041015625,139.98381370396885,177630.81316706564,"[127.2100601196289, 26.934967041015625, 51.84183883666992]","[-63.32946014404297, 63.88059997558594, -13.928508758544922, 13.006458282470703, -65.24876403808594, -13.406925201416016]",open3d,https://huggingface.co/datasets/allenai/objaverse/resolve/main/glbs/000-023/efd35e7d21ac482688c294e3b6c9f74e.glb,efd35e7d21ac482688c294e3b6c9f74e.glb,efd35e7d21ac482688c294e3b6c9f74e,Likely Oversized
17.00000286102295,4.032463014125824,16.400004386901855,17.00000286102295,4.032463014125824,23.962908820205474,1124.2511782749568,"[17.00000286102295, 4.032463014125824, 16.400004386901855]","[-8.500004768371582, 8.499998092651367, -0.7167689204216003, 3.3156940937042236, -7.433232307434082, 8.966772079467773]",open3d,https://huggingface.co/datasets/allenai/objaverse/resolve/main/glbs/000-023/21d5f90dbc9f4f229b0faa7b56b67f3e.glb,21d5f90dbc9f4f229b0faa7b56b67f3e.glb,21d5f90dbc9f4f229b0faa7b56b67f3e,Likely Meters
9.044666051864624,3.3062238693237305,8.077137351036072,9.044666051864624,3.3062238693237305,12.568900033469133,241.53621781969397,"[9.044666051864624, 3.3062238693237305, 8.077137351036072]","[-6.784015655517578, 2.260650396347046, -1.3176188468933105, 1.98860502243042, -1.623289942741394, 6.453847408294678]",open3d,https://huggingface.co/datasets/allenai/objaverse/resolve/main/glbs/000-023/dcd33159a0864de388de3a08f55e604a.glb,dcd33159a0864de388de3a08f55e604a.glb,dcd33159a0864de388de3a08f55e604a,Likely Meters
52.22121810913086,70.45058080554008,16.886850357055664,70.45058080554008,16.886850357055664,89.30568667011603,62126.97823456304,"[52.22121810913086, 70.45058080554008, 16.886850357055664]","[-25.845136642456055, 26.376081466674805, -0.010379999876022339, 70.44020080566406, -8.000070571899414, 8.88677978515625]",open3d,https://huggingface.co/datasets/allenai/objaverse/resolve/main/glbs/000-023/7d6a14874eed48c2b720f0d1adfe6dd9.glb,7d6a14874eed48c2b720f0d1adfe6dd9.glb,7d6a14874eed48c2b720f0d1adfe6dd9,Likely Meters
1.5773949921131134,5.543846368789673,0.4670555889606476,5.543846368789673,0.4670555889606476,5.782780338648991,4.084324294430363,"[1.5773949921131134, 5.543846368789673, 0.4670555889606476]","[-1.11825430393219, 0.45914068818092346, -0.33924221992492676, 5.204604148864746, -0.13727715611457825, 0.32977843284606934]",open3d,https://huggingface.co/datasets/allenai/objaverse/resolve/main/glbs/000-023/71c71dd1dc754a8e9a84d43f5f3af7b9.glb,71c71dd1dc754a8e9a84d43f5f3af7b9.glb,71c71dd1dc754a8e9a84d43f5f3af7b9,Likely Meters
1229.91796875,171.77899169921875,1415.7249755859375,1415.7249755859375,171.77899169921875,1883.2109383553213,299105975.53228265,"[1229.91796875, 171.77899169921875, 1415.7249755859375]","[-688.3159790039062, 541.6019897460938, -32.87837219238281, 138.90061950683594, -736.5243530273438, 679.2006225585938]",open3d,https://huggingface.co/datasets/allenai/objaverse/resolve/main/glbs/000-023/1ce26e72d2dc4c66aca37a8124671a2f.glb,1ce26e72d2dc4c66aca37a8124671a2f.glb,1ce26e72d2dc4c66aca37a8124671a2f,Extremely Large/Invalid
0.7961742281913757,2.0096009969711304,4.225965619087219,4.225965619087219,0.7961742281913757,4.746701484438506,6.761513391879422,"[0.7961742281913757, 2.0096009969711304, 4.225965619087219]","[-0.39808711409568787, 0.39808711409568787, -0.8539701700210571, 1.1556308269500732, -3.219048500061035, 1.006917119026184]",open3d,https://huggingface.co/datasets/allenai/objaverse/resolve/main/glbs/000-023/3564578cde5c42279ead680df1619e3c.glb,3564578cde5c42279ead680df1619e3c.glb,3564578cde5c42279ead680df1619e3c,Likely Meters
244.4568328857422,130.02243041992188,595.2203826904297,595.2203826904297,130.02243041992188,656.469557197417,18919003.404519677,"[244.4568328857422, 130.02243041992188, 595.2203826904297]","[-205.1272735595703, 39.329559326171875, -7.531623840332031, 122.49080657958984, -131.78733825683594, 463.43304443359375]",open3d,https://huggingface.co/datasets/allenai/objaverse/resolve/main/glbs/000-023/f9e1f80dab694ef1a3a85f135266c46f.glb,f9e1f80dab694ef1a3a85f135266c46f.glb,f9e1f80dab694ef1a3a85f135266c46f,Likely Oversized
10.008265018463135,7.053974628448486,11.95477294921875,11.95477294921875,7.053974628448486,17.11258376183913,843.9836287003104,"[10.008265018463135, 7.053974628448486, 11.95477294921875]","[-5.729840278625488, 4.2784247398376465, -5.205100059509277, 1.848874568939209, -8.020952224731445, 3.9338207244873047]",open3d,https://huggingface.co/datasets/allenai/objaverse/resolve/main/glbs/000-023/1e782aa8ca9e4dada94aabcb463086ae.glb,1e782aa8ca9e4dada94aabcb463086ae.glb,1e782aa8ca9e4dada94aabcb463086ae,Likely Meters
8.62106466293335,5.073323726654053,3.901777744293213,8.62106466293335,3.901777744293213,10.737096400972234,170.65381642908756,"[8.62106466293335, 5.073323726654053, 3.901777744293213]","[-4.480224132537842, 4.140840530395508, -2.5387275218963623, 2.5345962047576904, -2.3237252235412598, 1.5780525207519531]",open3d,https://huggingface.co/datasets/allenai/objaverse/resolve/main/glbs/000-023/abb20cb4f66a4293b15ff7c8c0139e84.glb,abb20cb4f66a4293b15ff7c8c0139e84.glb,abb20cb4f66a4293b15ff7c8c0139e84,Likely Meters
0.021655678749084473,0.10053402185440063,0.256486177444458,0.256486177444458,0.021655678749084473,0.2763353346793975,0.0005584043877475589,"[0.021655678749084473, 0.10053402185440063, 0.256486177444458]","[-0.5165935158729553, -0.49493783712387085, 0.22681924700737, 0.32735326886177063, -0.17782677710056305, 0.07865940034389496]",open3d,https://huggingface.co/datasets/allenai/objaverse/resolve/main/glbs/000-023/d3578149a0f645ecbb03cfedcef594e9.glb,d3578149a0f645ecbb03cfedcef594e9.glb,d3578149a0f645ecbb03cfedcef594e9,Likely Meters
3.399999998509884,3.5,3.399999998509884,3.5,3.399999998509884,5.947268278775931,40.459999964535236,"[3.399999998509884, 3.5, 3.399999998509884]","[0.10000000149011612, 3.5, 2.0, 5.5, -3.5, -0.10000000149011612]",open3d,https://huggingface.co/datasets/allenai/objaverse/resolve/main/glbs/000-023/c9154bccd5864490a01ffb1ceaa08985.glb,c9154bccd5864490a01ffb1ceaa08985.glb,c9154bccd5864490a01ffb1ceaa08985,Likely Meters
156.148193359375,143.36406860500574,40.19999847561121,156.148193359375,40.19999847561121,215.7580921629979,899918.786148881,"[156.148193359375, 143.36406860500574, 40.19999847561121]","[-78.07410430908203, 78.07408905029297, -0.10000000149011612, 143.26406860351562, -40.099998474121094, 0.10000000149011612]",open3d,https://huggingface.co/datasets/allenai/objaverse/resolve/main/glbs/000-023/4344257132d7484fb55bda90b3cdd2f4.glb,4344257132d7484fb55bda90b3cdd2f4.glb,4344257132d7484fb55bda90b3cdd2f4,Likely Oversized
1.375491201877594,4.706042289733887,0.16208334267139435,4.706042289733887,0.16208334267139435,4.905617299502476,1.0491848890547282,"[1.375491201877594, 4.706042289733887, 0.16208334267139435]","[-0.7923529148101807, 0.5831382870674133, -2.3512353897094727, 2.354806900024414, -0.20930063724517822, -0.047217294573783875]",open3d,https://huggingface.co/datasets/allenai/objaverse/resolve/main/glbs/000-023/34e12dea7baa4adfb97d4d97c7a34fd0.glb,34e12dea7baa4adfb97d4d97c7a34fd0.glb,34e12dea7baa4adfb97d4d97c7a34fd0,Likely Meters
1440.65869140625,1440.65869140625,1440.65869140625,1440.65869140625,1440.65869140625,2495.2940498813173,2990083462.123062,"[1440.65869140625, 1440.65869140625, 1440.65869140625]","[-720.329345703125, 720.329345703125, -720.329345703125, 720.329345703125, -720.329345703125, 720.329345703125]",open3d,https://huggingface.co/datasets/allenai/objaverse/resolve/main/glbs/000-023/116027be119d45019224a2c31c2f1b19.glb,116027be119d45019224a2c31c2f1b19.glb,116027be119d45019224a2c31c2f1b19,Extremely Large/Invalid
2.687727987766266,1.7882879674434662,2.6646898984909058,2.687727987766266,1.7882879674434662,4.185979914648977,12.807649786356594,"[2.687727987766266, 1.7882879674434662, 2.6646898984909058]","[0.2072719931602478, 2.8949999809265137, -1.360219955444336, 0.42806801199913025, -3.938309907913208, -1.2736200094223022]",open3d,https://huggingface.co/datasets/allenai/objaverse/resolve/main/glbs/000-023/8f3be836a9a74e859ef467cdc7eca90e.glb,8f3be836a9a74e859ef467cdc7eca90e.glb,8f3be836a9a74e859ef467cdc7eca90e,Likely Meters
54.17300033569336,36.0,52.67399883270264,54.17300033569336,36.0,83.69745586574655,102726.30803206722,"[54.17300033569336, 36.0, 52.67399883270264]","[-26.25, 27.92300033569336, -23.663042068481445, 12.336957931518555, -8.33698558807373, 44.337013244628906]",open3d,https://huggingface.co/datasets/allenai/objaverse/resolve/main/glbs/000-023/98d28c2babb24e1284a9e812b6e4921f.glb,98d28c2babb24e1284a9e812b6e4921f.glb,98d28c2babb24e1284a9e812b6e4921f,Likely Meters
16.179931640625,13.359999656677246,38.220001220703125,38.220001220703125,13.359999656677246,43.60101228219664,8261.783801952794,"[16.179931640625, 13.359999656677246, 38.220001220703125]","[-2257.53173828125, -2241.351806640625, -1.5, 11.859999656677246, -442.9433898925781, -404.723388671875]",open3d,https://huggingface.co/datasets/allenai/objaverse/resolve/main/glbs/000-023/9cf3eaf2604b45998cc8d89a8665aff4.glb,9cf3eaf2604b45998cc8d89a8665aff4.glb,9cf3eaf2604b45998cc8d89a8665aff4,Likely Meters
8001.015380859375,3590.6597262620926,2406.28662109375,8001.015380859375,2406.28662109375,9093.915531684008,69130024731.12866,"[8001.015380859375, 3590.6597262620926, 2406.28662109375]","[3097.896728515625, 11098.912109375, -1.6284762620925903, 3589.03125, -6537.86328125, -4131.57666015625]",open3d,https://huggingface.co/datasets/allenai/objaverse/resolve/main/glbs/000-023/12b8439bb0b24c38a49b47d0b5021f51.glb,12b8439bb0b24c38a49b47d0b5021f51.glb,12b8439bb0b24c38a49b47d0b5021f51,Extremely Large/Invalid
5.260000228881836,100.0,100.0,100.0,5.260000228881836,141.51914217662514,52600.00228881836,"[5.260000228881836, 100.0, 100.0]","[0.0, 5.260000228881836, -5.329070729958988e-16, 100.0, -50.0, 50.0]",open3d,https://huggingface.co/datasets/allenai/objaverse/resolve/main/glbs/000-023/ac02e94e10cf4e35b80701ab8655130b.glb,ac02e94e10cf4e35b80701ab8655130b.glb,ac02e94e10cf4e35b80701ab8655130b,Likely Meters
10.506439685821533,8.48053004220128,8.700000286102295,10.506439685821533,8.48053004220128,16.062212476700218,775.1715688037774,"[10.506439685821533, 8.48053004220128, 8.700000286102295]","[-5.187389850616455, 5.319049835205078, -0.046859998255968094, 8.433670043945312, -4.398920059204102, 4.301080226898193]",open3d,https://huggingface.co/datasets/allenai/objaverse/resolve/main/glbs/000-023/01ca4c1d54a04428ae8b4fec45d38071.glb,01ca4c1d54a04428ae8b4fec45d38071.glb,01ca4c1d54a04428ae8b4fec45d38071,Likely Meters
6.00929594039917,17.695159628987312,8.818813800811768,17.695159628987312,6.00929594039917,20.66402160393829,937.7525421169593,"[6.00929594039917, 17.695159628987312, 8.818813800811768]","[-3.004647970199585, 3.004647970199585, -0.20003099739551544, 17.495128631591797, -4.375072002410889, 4.443741798400879]",open3d,https://huggingface.co/datasets/allenai/objaverse/resolve/main/glbs/000-023/8e348d4d2f2949cf88bd896a92a4364d.glb,8e348d4d2f2949cf88bd896a92a4364d.glb,8e348d4d2f2949cf88bd896a92a4364d,Likely Meters
15800.000000000002,5390.8095703125,7800.000000000001,15800.000000000002,5390.8095703125,18426.633654126108,664363371445.3127,"[15800.000000000002, 5390.8095703125, 7800.000000000001]","[-1.8189894035458565e-12, 15800.0, -2400.0, 2990.8095703125, -7800.0, 9.405809464624326e-13]",open3d,https://huggingface.co/datasets/allenai/objaverse/resolve/main/glbs/000-023/13006ef7de0340c1bfd28446aa608401.glb,13006ef7de0340c1bfd28446aa608401.glb,13006ef7de0340c1bfd28446aa608401,Extremely Large/Invalid
3.9231600761413574,4.9369997680187225,1.793848991394043,4.9369997680187225,1.793848991394043,6.556145658568898,34.744416020759544,"[3.9231600761413574, 4.9369997680187225, 1.793848991394043]","[-1.847790002822876, 2.0753700733184814, -0.3350639045238495, 4.601935863494873, -1.1470099687576294, 0.6468390226364136]",open3d,https://huggingface.co/datasets/allenai/objaverse/resolve/main/glbs/000-023/67eccca31df140dcb3ad549496e77fea.glb,67eccca31df140dcb3ad549496e77fea.glb,67eccca31df140dcb3ad549496e77fea,Likely Meters
11.930068492889404,13.920319080352783,9.397806406021118,13.920319080352783,9.397806406021118,20.601470403563862,1560.6970937300255,"[11.930068492889404, 13.920319080352783, 9.397806406021118]","[-5.408832550048828, 6.521235942840576, -6.613126277923584, 7.307192802429199, -3.8955013751983643, 5.502305030822754]",open3d,https://huggingface.co/datasets/allenai/objaverse/resolve/main/glbs/000-023/85bc77dc5c1e40caa4f98401513a616a.glb,85bc77dc5c1e40caa4f98401513a616a.glb,85bc77dc5c1e40caa4f98401513a616a,Likely Meters
3.776540756225586,4.4412736892700195,2.146405279636383,4.4412736892700195,2.146405279636383,6.212425266422606,36.000906868272764,"[3.776540756225586, 4.4412736892700195, 2.146405279636383]","[-1.8882712125778198, 1.8882695436477661, -0.9993243217468262, 3.4419493675231934, -0.8947617411613464, 1.2516435384750366]",open3d,https://huggingface.co/datasets/allenai/objaverse/resolve/main/glbs/000-023/f37bc2926ce645ddace2feb2f5ac84cc.glb,f37bc2926ce645ddace2feb2f5ac84cc.glb,f37bc2926ce645ddace2feb2f5ac84cc,Likely Meters
11800.0,5951.36669921875,14500.0,14500.0,5951.36669921875,19619.091864522423,1018278842236.3281,"[11800.0, 5951.36669921875, 14500.0]","[3200.0, 15000.0, -2400.0, 3551.36669921875, -9500.0, 5000.0]",open3d,https://huggingface.co/datasets/allenai/objaverse/resolve/main/glbs/000-023/9e26bddd716541e8a0dc4c52d62027bf.glb,9e26bddd716541e8a0dc4c52d62027bf.glb,9e26bddd716541e8a0dc4c52d62027bf,Extremely Large/Invalid
0.5914449989795685,0.9552659988403321,0.5870330035686493,0.9552659988403321,0.5870330035686493,1.2676545517755178,0.3316661903524466,"[0.5914449989795685, 0.9552659988403321, 0.5870330035686493]","[-0.2993899881839752, 0.29205501079559326, -6.277733734249514e-17, 0.955265998840332, -0.2949790060520172, 0.2920539975166321]",open3d,https://huggingface.co/datasets/allenai/objaverse/resolve/main/glbs/000-023/4636284e977d4579ac033a42299bde48.glb,4636284e977d4579ac033a42299bde48.glb,4636284e977d4579ac033a42299bde48,Likely Meters
393.24346923828125,941.3938903808594,105.23136520385742,941.3938903808594,105.23136520385742,1025.6395678636995,38956335.638401955,"[393.24346923828125, 941.3938903808594, 105.23136520385742]","[-196.62173461914062, 196.62173461914062, -470.69696044921875, 470.6969299316406, -52.61568832397461, 52.61567687988281]",open3d,https://huggingface.co/datasets/allenai/objaverse/resolve/main/glbs/000-023/19e61b54ffc146b1aea489f8261100b3.glb,19e61b54ffc146b1aea489f8261100b3.glb,19e61b54ffc146b1aea489f8261100b3,Likely Oversized
1.5002492666244507,2.6985082626342773,1.3587494492530823,2.6985082626342773,1.3587494492530823,3.3732617407130183,5.500808883650432,"[1.5002492666244507, 2.6985082626342773, 1.3587494492530823]","[-0.8318741917610168, 0.6683750748634338, -1.298002004623413, 1.4005062580108643, -0.5953707098960876, 0.7633787393569946]",open3d,https://huggingface.co/datasets/allenai/objaverse/resolve/main/glbs/000-023/b5df7cd550f64e818943ad96fff7e902.glb,b5df7cd550f64e818943ad96fff7e902.glb,b5df7cd550f64e818943ad96fff7e902,Likely Meters
1.395571231842041,0.8504135776311159,3.4233455657958984,3.4233455657958984,0.8504135776311159,3.7934307927018924,4.062870076511619,"[1.395571231842041, 0.8504135776311159, 3.4233455657958984]","[-0.6924537420272827, 0.7031174898147583, -0.01689334399998188, 0.833520233631134, -1.7066617012023926, 1.7166838645935059]",open3d,https://huggingface.co/datasets/allenai/objaverse/resolve/main/glbs/000-023/99257e9b3b1443bd91a22d61bfeb7182.glb,99257e9b3b1443bd91a22d61bfeb7182.glb,99257e9b3b1443bd91a22d61bfeb7182,Likely Meters
15.455924987792969,3.6635104417800903,83.89131546020508,83.89131546020508,3.6635104417800903,85.38184663983884,4750.173138276388,"[15.455924987792969, 3.6635104417800903, 83.89131546020508]","[90.38847351074219, 105.84439849853516, 1.8849157094955444, 5.548426151275635, -40.74253845214844, 43.14877700805664]",open3d,https://huggingface.co/datasets/allenai/objaverse/resolve/main/glbs/000-023/c73e1926980847c98b17f65a6f1919ed.glb,c73e1926980847c98b17f65a6f1919ed.glb,c73e1926980847c98b17f65a6f1919ed,Likely Meters
0.6499999761581421,0.6499999850988383,0.6499999761581421,0.6499999850988383,0.6499999761581421,1.1258329887863743,0.27462497355789006,"[0.6499999761581421, 0.6499999850988383, 0.6499999761581421]","[-0.32499998807907104, 0.32499998807907104, -8.940696183401542e-09, 0.6499999761581421, -0.32499998807907104, 0.32499998807907104]",open3d,https://huggingface.co/datasets/allenai/objaverse/resolve/main/glbs/000-023/62411693da734fdd97d37ceab494bfd6.glb,62411693da734fdd97d37ceab494bfd6.glb,62411693da734fdd97d37ceab494bfd6,Likely Meters
265.9380798339844,483.9649353027344,265.9380798339844,483.9649353027344,265.9380798339844,612.9177621950217,34227482.27323129,"[265.9380798339844, 483.9649353027344, 265.9380798339844]","[-132.92507934570312, 133.01300048828125, 157.62490844726562, 641.58984375, -132.9768524169922, 132.9612274169922]",open3d,https://huggingface.co/datasets/allenai/objaverse/resolve/main/glbs/000-023/0e53a38a3c92499e81f28d0e1c6207ce.glb,0e53a38a3c92499e81f28d0e1c6207ce.glb,0e53a38a3c92499e81f28d0e1c6207ce,Likely Oversized
10.023999691009521,4.800000190734864,8.97599983215332,10.023999691009521,4.800000190734864,14.28597720225082,431.8820309726801,"[10.023999691009521, 4.800000190734864, 8.97599983215332]","[-7.0289998054504395, 2.994999885559082, -1.304734082445858e-15, 4.800000190734863, -3.0999999046325684, 5.875999927520752]",open3d,https://huggingface.co/datasets/allenai/objaverse/resolve/main/glbs/000-023/092bb80346414104abd5cace71892752.glb,092bb80346414104abd5cace71892752.glb,092bb80346414104abd5cace71892752,Likely Meters
1.5603399574756622,1.2901719808578491,0.7624192237854004,1.5603399574756622,0.7624192237854004,2.163443457981592,1.5348313953284094,"[1.5603399574756622, 1.2901719808578491, 0.7624192237854004]","[-0.34282198548316956, 1.2175179719924927, -0.7239729762077332, 0.566199004650116, -5.5601301193237305, -4.79771089553833]",open3d,https://huggingface.co/datasets/allenai/objaverse/resolve/main/glbs/000-023/a38b6658117e4135ab0374cca4d745b9.glb,a38b6658117e4135ab0374cca4d745b9.glb,a38b6658117e4135ab0374cca4d745b9,Likely Meters
3.08060359954834,1.8437499403953552,3.113977551460266,3.113977551460266,1.8437499403953552,4.75251392120597,17.686964952670916,"[3.08060359954834, 1.8437499403953552, 3.113977551460266]","[-0.7872495651245117, 2.293354034423828, -2.4528000354766846, -0.6090500950813293, -1.556949496269226, 1.55702805519104]",open3d,https://huggingface.co/datasets/allenai/objaverse/resolve/main/glbs/000-023/6cfb55bd41d24db298b52b11ad74aa0a.glb,6cfb55bd41d24db298b52b11ad74aa0a.glb,6cfb55bd41d24db298b52b11ad74aa0a,Likely Meters
4.03894829750061,2.8620067490264773,0.8656783401966095,4.03894829750061,0.8656783401966095,5.025294515751464,10.006806424411595,"[4.03894829750061, 2.8620067490264773, 0.8656783401966095]","[-2.012531280517578, 2.0264170169830322, -0.0030465973541140556, 2.8589601516723633, -0.4333665668964386, 0.4323117733001709]",open3d,https://huggingface.co/datasets/allenai/objaverse/resolve/main/glbs/000-023/b747cb348028457298c27736e09b9365.glb,b747cb348028457298c27736e09b9365.glb,b747cb348028457298c27736e09b9365,Likely Meters
12702.0,6298.34375,10963.0,12702.0,6298.34375,17921.978322528015,877057127631.9375,"[12702.0, 6298.34375, 10963.0]","[1649.0, 14351.0, -2622.0, 3676.34375, -10894.0, 69.0]",open3d,https://huggingface.co/datasets/allenai/objaverse/resolve/main/glbs/000-023/bc77a7fc5b5a4e6eb50c275031f726e8.glb,bc77a7fc5b5a4e6eb50c275031f726e8.glb,bc77a7fc5b5a4e6eb50c275031f726e8,Extremely Large/Invalid
2.8491129875183105,2.825355112552643,14.315876960754395,14.315876960754395,2.825355112552643,14.867562324844357,115.23931568023696,"[2.8491129875183105, 2.825355112552643, 14.315876960754395]","[-1.4045822620391846, 1.444530725479126, -0.010550320148468018, 2.814804792404175, -6.852740287780762, 7.463136672973633]",open3d,https://huggingface.co/datasets/allenai/objaverse/resolve/main/glbs/000-023/3fff5bbe42bf4ffeb95bbcddb5d39688.glb,3fff5bbe42bf4ffeb95bbcddb5d39688.glb,3fff5bbe42bf4ffeb95bbcddb5d39688,Likely Meters
1.1844040155410767,2.0,0.9258300065994263,2.0,0.9258300065994263,2.501994019407265,2.193113555049564,"[1.1844040155410767, 2.0, 0.9258300065994263]","[-0.5922020077705383, 0.5922020077705383, -1.0, 1.0, -0.46291500329971313, 0.46291500329971313]",open3d,https://huggingface.co/datasets/allenai/objaverse/resolve/main/glbs/000-023/2c381d615ff64c64a8e3913be7f03039.glb,2c381d615ff64c64a8e3913be7f03039.glb,2c381d615ff64c64a8e3913be7f03039,Likely Meters
8.22434377670288,5.329547166824341,0.7244138717651367,8.22434377670288,0.7244138717651367,9.82693640044559,31.752529164488713,"[8.22434377670288, 5.329547166824341, 0.7244138717651367]","[-2.2291617393493652, 5.995182037353516, -2.7513527870178223, 2.5781943798065186, 10.437315940856934, 11.16172981262207]",open3d,https://huggingface.co/datasets/allenai/objaverse/resolve/main/glbs/000-023/8e21876a00a445e4addc74f05a97ba1a.glb,8e21876a00a445e4addc74f05a97ba1a.glb,8e21876a00a445e4addc74f05a97ba1a,Likely Meters
904.0,1658.0,660.0,1658.0,660.0,2000.4449505047621,989229120.0,"[904.0, 1658.0, 660.0]","[-452.0, 452.0, -6.48656950093078e-14, 1658.0, -312.8708801269531, 347.1291198730469]",open3d,https://huggingface.co/datasets/allenai/objaverse/resolve/main/glbs/000-023/2f458badc6a849ce8333956323a937c8.glb,2f458badc6a849ce8333956323a937c8.glb,2f458badc6a849ce8333956323a937c8,Extremely Large/Invalid
8.084415197372437,10.128192692995071,7.315019130706787,10.128192692995071,7.315019130706787,14.881114245665593,598.9575331389707,"[8.084415197372437, 10.128192692995071, 7.315019130706787]","[-3.6443183422088623, 4.440096855163574, 0.057695597410202026, 10.185888290405273, -2.504723072052002, 4.810296058654785]",open3d,https://huggingface.co/datasets/allenai/objaverse/resolve/main/glbs/000-023/060911a8a1a6491686ab27517d9b8c3c.glb,060911a8a1a6491686ab27517d9b8c3c.glb,060911a8a1a6491686ab27517d9b8c3c,Likely Meters
848.1629638671875,467.0142593383789,716.8171844482422,848.1629638671875,467.0142593383789,1204.703120117837,283934296.2227644,"[848.1629638671875, 467.0142593383789, 716.8171844482422]","[-476.9055480957031, 371.2574157714844, 79.70076751708984, 546.7150268554688, -486.2908935546875, 230.5262908935547]",open3d,https://huggingface.co/datasets/allenai/objaverse/resolve/main/glbs/000-023/5c080b09a2d34678bc9b3b9e49035537.glb,5c080b09a2d34678bc9b3b9e49035537.glb,5c080b09a2d34678bc9b3b9e49035537,Likely Oversized
2194.9443359375,1666.9087257385254,2374.5384521484375,2374.5384521484375,1666.9087257385254,3637.966217344362,8687894483.65671,"[2194.9443359375, 1666.9087257385254, 2374.5384521484375]","[-1097.4722900390625, 1097.4720458984375, -47.12222671508789, 1619.7864990234375, -1277.066650390625, 1097.4718017578125]",open3d,https://huggingface.co/datasets/allenai/objaverse/resolve/main/glbs/000-023/45d83365c0684a5f838e1d662b27d0d3.glb,45d83365c0684a5f838e1d662b27d0d3.glb,45d83365c0684a5f838e1d662b27d0d3,Extremely Large/Invalid
1.408464789390564,0.5734489262104034,2.516044020652771,2.516044020652771,0.5734489262104034,2.9399139864607315,2.032165029356463,"[1.408464789390564, 0.5734489262104034, 2.516044020652771]","[-0.7045024633407593, 0.7039623260498047, -0.14676547050476074, 0.4266834557056427, -1.1309815645217896, 1.3850624561309814]",open3d,https://huggingface.co/datasets/allenai/objaverse/resolve/main/glbs/000-023/be94bc8bdab14385b67442df3eaa34ae.glb,be94bc8bdab14385b67442df3eaa34ae.glb,be94bc8bdab14385b67442df3eaa34ae,Likely Meters
89.83771514892578,84.65531539916992,44.89995861053467,89.83771514892578,44.89995861053467,131.35198427028115,341474.9661924002,"[89.83771514892578, 84.65531539916992, 44.89995861053467]","[-47.795997619628906, 42.041717529296875, -37.240882873535156, 47.414432525634766, -34.000186920166016, 10.899771690368652]",open3d,https://huggingface.co/datasets/allenai/objaverse/resolve/main/glbs/000-023/77d3028507ed4631a356aeb0a055a55e.glb,77d3028507ed4631a356aeb0a055a55e.glb,77d3028507ed4631a356aeb0a055a55e,Likely Meters
3.085969924926758,1.946539044380188,2.3445000052452087,3.085969924926758,1.946539044380188,4.336923437581505,14.083319975624562,"[3.085969924926758, 1.946539044380188, 2.3445000052452087]","[-2.052609920501709, 1.0333600044250488, -1.0985100269317627, 0.8480290174484253, -2.9050300121307373, -0.5605300068855286]",open3d,https://huggingface.co/datasets/allenai/objaverse/resolve/main/glbs/000-023/891ee0708ce945eabaffeacd5c901a04.glb,891ee0708ce945eabaffeacd5c901a04.glb,891ee0708ce945eabaffeacd5c901a04,Likely Meters
873.5870666503906,762.3955612182617,4252.009094238281,4252.009094238281,762.3955612182617,4407.264763123404,2831918428.034241,"[873.5870666503906, 762.3955612182617, 4252.009094238281]","[-437.27935791015625, 436.3077087402344, -33.49657440185547, 728.8989868164062, -130.73956298828125, 4121.26953125]",open3d,https://huggingface.co/datasets/allenai/objaverse/resolve/main/glbs/000-023/54d696bcc2d3482089ad6ff31cc303e2.glb,54d696bcc2d3482089ad6ff31cc303e2.glb,54d696bcc2d3482089ad6ff31cc303e2,Extremely Large/Invalid
1.9125979542732239,1.1062639905139804,2.4505419731140137,2.4505419731140137,1.1062639905139804,3.2995464708640734,5.1849504280432415,"[1.9125979542732239, 1.1062639905139804, 2.4505419731140137]","[-1.4150389432907104, 0.4975590109825134, -0.01023900043219328, 1.096024990081787, -1.3742539882659912, 1.0762879848480225]",open3d,https://huggingface.co/datasets/allenai/objaverse/resolve/main/glbs/000-023/928847ca88d746dfaf27a5e296ef71a1.glb,928847ca88d746dfaf27a5e296ef71a1.glb,928847ca88d746dfaf27a5e296ef71a1,Likely Meters
5.386990189552307,2.844058513641357,3.1249998807907104,5.386990189552307,2.844058513641357,6.84645575362104,47.87785852203803,"[5.386990189552307, 2.844058513641357, 3.1249998807907104]","[1.7752269506454468, 7.162217140197754, 2.3172936788570016e-16, 2.8440585136413574, -4.1141357421875, -0.9891358613967896]",open3d,https://huggingface.co/datasets/allenai/objaverse/resolve/main/glbs/000-023/ee1267bdb4b74022ad32a1ef6987b0ec.glb,ee1267bdb4b74022ad32a1ef6987b0ec.glb,ee1267bdb4b74022ad32a1ef6987b0ec,Likely Meters
2.379892110824585,3.0475675463676453,0.5690451711416245,3.0475675463676453,0.5690451711416245,3.9083713763712384,4.127217456656507,"[2.379892110824585, 3.0475675463676453, 0.5690451711416245]","[-1.189945936203003, 1.189946174621582, -0.024661242961883545, 3.0229063034057617, -0.3415066599845886, 0.22753851115703583]",open3d,https://huggingface.co/datasets/allenai/objaverse/resolve/main/glbs/000-023/dd8d6b4342c1473bba5cda722484eeb0.glb,dd8d6b4342c1473bba5cda722484eeb0.glb,dd8d6b4342c1473bba5cda722484eeb0,Likely Meters
420.32777404785156,227.3441925048828,420.32776641845703,420.32777404785156,227.3441925048828,636.42458368926,40166133.97575024,"[420.32777404785156, 227.3441925048828, 420.32776641845703]","[161.8361053466797, 582.1638793945312, -4.75, 222.5941925048828, -78.16388702392578, 342.16387939453125]",open3d,https://huggingface.co/datasets/allenai/objaverse/resolve/main/glbs/000-023/d0c4672e5fd14e21a6e244ce39246f57.glb,d0c4672e5fd14e21a6e244ce39246f57.glb,d0c4672e5fd14e21a6e244ce39246f57,Likely Oversized
118.01977157592773,6.104323625564575,168.83438110351562,168.83438110351562,6.104323625564575,206.08487933947734,121633.50173825452,"[118.01977157592773, 6.104323625564575, 168.83438110351562]","[-54.79076385498047, 63.229007720947266, -1.1180479526519775, 4.986275672912598, -90.29529571533203, 78.5390853881836]",open3d,https://huggingface.co/datasets/allenai/objaverse/resolve/main/glbs/000-023/a6b7a10408ad42e990ea0d78764dc6f2.glb,a6b7a10408ad42e990ea0d78764dc6f2.glb,a6b7a10408ad42e990ea0d78764dc6f2,Likely Oversized
0.29326361417770386,0.308112770318985,0.30788950622081757,0.308112770318985,0.29326361417770386,0.5251028229548073,0.027820361470063688,"[0.29326361417770386, 0.308112770318985, 0.30788950622081757]","[-0.1916068196296692, 0.10165679454803467, -0.1448764055967331, 0.1632363647222519, 0.07259686291217804, 0.3804863691329956]",open3d,https://huggingface.co/datasets/allenai/objaverse/resolve/main/glbs/000-023/d4b1bdd4467d43f4b4a9f59aed18ff1d.glb,d4b1bdd4467d43f4b4a9f59aed18ff1d.glb,d4b1bdd4467d43f4b4a9f59aed18ff1d,Likely Meters
0.01901533640921116,0.02123535517603159,0.006094000535085797,0.02123535517603159,0.006094000535085797,0.029148930867688938,2.460741708423695e-06,"[0.01901533640921116, 0.02123535517603159, 0.006094000535085797]","[-0.009508668445050716, 0.009506667964160442, -0.009500667452812195, 0.011734687723219395, -0.003046000376343727, 0.00304800015874207]",open3d,https://huggingface.co/datasets/allenai/objaverse/resolve/main/glbs/000-023/cc5e84376d594032b5d4ad31108330f5.glb,cc5e84376d594032b5d4ad31108330f5.glb,cc5e84376d594032b5d4ad31108330f5,Likely Meters
5.785693407058716,6.535084962844849,5.85660719871521,6.535084962844849,5.785693407058716,10.51101477270993,221.4383063770876,"[5.785693407058716, 6.535084962844849, 5.85660719871521]","[-2.9747390747070312, 2.8109543323516846, -3.267542600631714, 3.2675423622131348, -2.844007968902588, 3.012599229812622]",open3d,https://huggingface.co/datasets/allenai/objaverse/resolve/main/glbs/000-023/a8fdd7d563d74d1bac029f1bbaaa53fd.glb,a8fdd7d563d74d1bac029f1bbaaa53fd.glb,a8fdd7d563d74d1bac029f1bbaaa53fd,Likely Meters
17.148679733276367,1.7827159762382507,12.596372127532959,17.148679733276367,1.7827159762382507,21.35237419168435,385.08653067533623,"[17.148679733276367, 1.7827159762382507, 12.596372127532959]","[-9.8831148147583, 7.265564918518066, -0.13658100366592407, 1.6461349725723267, -9.869007110595703, 2.727365016937256]",open3d,https://huggingface.co/datasets/allenai/objaverse/resolve/main/glbs/000-023/4ff2f29be7f64bde889c52751102e3f9.glb,4ff2f29be7f64bde889c52751102e3f9.glb,4ff2f29be7f64bde889c52751102e3f9,Likely Meters
1500.400390625,237.61226654052734,1539.65869140625,1539.65869140625,237.61226654052734,2162.9169672969383,548909166.6692874,"[1500.400390625, 237.61226654052734, 1539.65869140625]","[-807.71044921875, 692.68994140625, -64.82425689697266, 172.7880096435547, -779.7469482421875, 759.9117431640625]",open3d,https://huggingface.co/datasets/allenai/objaverse/resolve/main/glbs/000-023/4fd65ced9aac4c1a9cc974fed30a987e.glb,4fd65ced9aac4c1a9cc974fed30a987e.glb,4fd65ced9aac4c1a9cc974fed30a987e,Extremely Large/Invalid
271.49598693847656,6.271965026855469,351.91395568847656,351.91395568847656,6.271965026855469,444.5141625160064,599243.7765223626,"[271.49598693847656, 6.271965026855469, 351.91395568847656]","[-136.24465942382812, 135.25132751464844, 68.20616912841797, 74.47813415527344, -169.59817504882812, 182.31578063964844]",open3d,https://huggingface.co/datasets/allenai/objaverse/resolve/main/glbs/000-023/5a106a92ee4b452ebc48058bc9fc9507.glb,5a106a92ee4b452ebc48058bc9fc9507.glb,5a106a92ee4b452ebc48058bc9fc9507,Likely Oversized
15.880435556173325,1.5828799605369568,10.91018533706665,15.880435556173325,1.5828799605369568,19.33199127126814,274.24739996761457,"[15.880435556173325, 1.5828799605369568, 10.91018533706665]","[0.3162960112094879, 16.196731567382812, -1.4028799533843994, 0.18000000715255737, -6.72643518447876, 4.183750152587891]",open3d,https://huggingface.co/datasets/allenai/objaverse/resolve/main/glbs/000-023/4328dab39fb640b790bb813c881a41f3.glb,4328dab39fb640b790bb813c881a41f3.glb,4328dab39fb640b790bb813c881a41f3,Likely Meters
20.0,11.0,20.0,20.0,11.0,30.347981810987037,4400.0,"[20.0, 11.0, 20.0]","[-10.0, 10.0, 0.0, 11.0, -10.0, 10.0]",open3d,https://huggingface.co/datasets/allenai/objaverse/resolve/main/glbs/000-023/84776fa7fe23406985f27186205508ff.glb,84776fa7fe23406985f27186205508ff.glb,84776fa7fe23406985f27186205508ff,Likely Meters
12.857999801635742,3.4163000583648713,16.160000562667847,16.160000562667847,3.4163000583648713,20.93191064315615,709.8568779563742,"[12.857999801635742, 3.4163000583648713, 16.160000562667847]","[-4.010419845581055, 8.847579956054688, -2.921816222872949e-15, 3.416300058364868, -3.001310110092163, 13.158690452575684]",open3d,https://huggingface.co/datasets/allenai/objaverse/resolve/main/glbs/000-023/786b981333b142e08f6125dcc9b2bf95.glb,786b981333b142e08f6125dcc9b2bf95.glb,786b981333b142e08f6125dcc9b2bf95,Likely Meters
44.58919715881348,76.23290634155273,81.24557495117188,81.24557495117188,44.58919715881348,120.002066489265,276167.0409147178,"[44.58919715881348, 76.23290634155273, 81.24557495117188]","[-18.268016815185547, 26.32118034362793, -24.40631103515625, 51.826595306396484, -37.739994049072266, 43.50558090209961]",open3d,https://huggingface.co/datasets/allenai/objaverse/resolve/main/glbs/000-023/7e331e1b5f6848a0a296eebaba555936.glb,7e331e1b5f6848a0a296eebaba555936.glb,7e331e1b5f6848a0a296eebaba555936,Likely Meters
1150.2060546875,819.4109954833984,75.35444259643555,1150.2060546875,75.35444259643555,1414.244193828597,71020920.751414,"[1150.2060546875, 819.4109954833984, 75.35444259643555]","[-136.80126953125, 1013.40478515625, 107.57240295410156, 926.9833984375, -50.35444259643555, 25.0]",open3d,https://huggingface.co/datasets/allenai/objaverse/resolve/main/glbs/000-023/6302a9c24dd24960853cd236c20b821a.glb,6302a9c24dd24960853cd236c20b821a.glb,6302a9c24dd24960853cd236c20b821a,Extremely Large/Invalid
1.5586438179016113,1.5717245333735623,0.410988450050354,1.5717245333735623,0.410988450050354,2.2513551621114885,1.00682254236611,"[1.5586438179016113, 1.5717245333735623, 0.410988450050354]","[-0.7793219089508057, 0.7793219089508057, 6.611666214517697e-10, 1.571724534034729, -0.19766199588775635, 0.21332645416259766]",open3d,https://huggingface.co/datasets/allenai/objaverse/resolve/main/glbs/000-023/d8eba60697b14fecbb1fa44cc2e98ef0.glb,d8eba60697b14fecbb1fa44cc2e98ef0.glb,d8eba60697b14fecbb1fa44cc2e98ef0,Likely Meters
2.2272276282310486,0.6718280911445618,1.0438776910305023,2.2272276282310486,0.6718280911445618,2.549818920205476,1.5619688931698206,"[2.2272276282310486, 0.6718280911445618, 1.0438776910305023]","[-1.4074037075042725, 0.8198239207267761, 0.6530446410179138, 1.3248727321624756, -0.772136926651001, 0.27174076437950134]",open3d,https://huggingface.co/datasets/allenai/objaverse/resolve/main/glbs/000-023/9cddd7e967b7423483b63b74eae287e8.glb,9cddd7e967b7423483b63b74eae287e8.glb,9cddd7e967b7423483b63b74eae287e8,Likely Meters
2.0,0.19728319346904755,2.0,2.0,0.19728319346904755,2.835299042151523,0.7891327738761902,"[2.0, 0.19728319346904755, 2.0]","[-1.0, 1.0, -0.09864159673452377, 0.09864159673452377, -1.0, 1.0]",open3d,https://huggingface.co/datasets/allenai/objaverse/resolve/main/glbs/000-023/a0c216a7de774aba903f441d7899aa02.glb,a0c216a7de774aba903f441d7899aa02.glb,a0c216a7de774aba903f441d7899aa02,Likely Meters
22.00353240966797,7.850000202655792,13.71999979019165,22.00353240966797,7.850000202655792,27.09273585166075,2369.8244725257846,"[22.00353240966797, 7.850000202655792, 13.71999979019165]","[-8.274615287780762, 13.728917121887207, -0.30000001192092896, 7.550000190734863, -6.450826644897461, 7.2691731452941895]",open3d,https://huggingface.co/datasets/allenai/objaverse/resolve/main/glbs/000-023/ab219e0bd40542c3b970d5cbbbeb0861.glb,ab219e0bd40542c3b970d5cbbbeb0861.glb,ab219e0bd40542c3b970d5cbbbeb0861,Likely Meters
1.8544212579727173,2.082458734512329,2.452532261610031,2.452532261610031,1.8544212579727173,3.7135464285781885,9.471080553843278,"[1.8544212579727173, 2.082458734512329, 2.452532261610031]","[-0.9272106289863586, 0.9272106289863586, -0.9331390857696533, 1.1493196487426758, -2.344369411468506, 0.10816285014152527]",open3d,https://huggingface.co/datasets/allenai/objaverse/resolve/main/glbs/000-023/d9891d2aae664c8a97740fb9d5c414cf.glb,d9891d2aae664c8a97740fb9d5c414cf.glb,d9891d2aae664c8a97740fb9d5c414cf,Likely Meters
4.427186489105225,4.212952375411987,8.237863063812256,8.237863063812256,4.212952375411987,10.257257712708967,153.64871576538707,"[4.427186489105225, 4.212952375411987, 8.237863063812256]","[7.310701847076416, 11.73788833618164, 2.7648746967315674, 6.977827072143555, -4.118932247161865, 4.118930816650391]",open3d,https://huggingface.co/datasets/allenai/objaverse/resolve/main/glbs/000-023/ce0641d489a441d8a2583b49bbc3354e.glb,ce0641d489a441d8a2583b49bbc3354e.glb,ce0641d489a441d8a2583b49bbc3354e,Likely Meters
59.94596862792969,139.28244018554688,149.78498077392578,149.78498077392578,59.94596862792969,213.13999569350304,1250617.8324712554,"[59.94596862792969, 139.28244018554688, 149.78498077392578]","[140.9239959716797, 200.86996459960938, 77.96022033691406, 217.24266052246094, -75.74897766113281, 74.03600311279297]",open3d,https://huggingface.co/datasets/allenai/objaverse/resolve/main/glbs/000-023/10891952bdd0488d9269852e0a42df78.glb,10891952bdd0488d9269852e0a42df78.glb,10891952bdd0488d9269852e0a42df78,Likely Oversized
128.5800018310547,40.507583618164105,204.72999954223633,204.72999954223633,40.507583618164105,245.12864768121383,1066329.0730562932,"[128.5800018310547, 40.507583618164105, 204.72999954223633]","[-47.18858337402344, 81.39141845703125, -4.033537691133446e-14, 40.50758361816406, -23.075611114501953, 181.65438842773438]",open3d,https://huggingface.co/datasets/allenai/objaverse/resolve/main/glbs/000-023/f4606c7f4515472185bd7ca0f513563f.glb,f4606c7f4515472185bd7ca0f513563f.glb,f4606c7f4515472185bd7ca0f513563f,Likely Oversized
3.8121635913848877,0.6303787231445312,0.3467082977294922,3.8121635913848877,0.3467082977294922,3.87945553213184,0.8331770738380438,"[3.8121635913848877, 0.6303787231445312, 0.3467082977294922]","[-1.9060817956924438, 1.9060817956924438, -0.3151894211769104, 0.31518930196762085, -0.17335417866706848, 0.1733541190624237]",open3d,https://huggingface.co/datasets/allenai/objaverse/resolve/main/glbs/000-023/a646531842584f9eb18cb926fdc2effe.glb,a646531842584f9eb18cb926fdc2effe.glb,a646531842584f9eb18cb926fdc2effe,Likely Meters
119.0,58.00600051879883,118.99999809265137,119.0,58.00600051879883,178.00757186770994,821422.960180828,"[119.0, 58.00600051879883, 118.99999809265137]","[-60.000022888183594, 58.999977111816406, -28.502933502197266, 29.503067016601562, -30.503042221069336, 88.49695587158203]",open3d,https://huggingface.co/datasets/allenai/objaverse/resolve/main/glbs/000-023/50989e731fed4b11ba5b5c63faa2143c.glb,50989e731fed4b11ba5b5c63faa2143c.glb,50989e731fed4b11ba5b5c63faa2143c,Likely Oversized
124.41119003295898,15.943889617919922,78.12551498413086,124.41119003295898,15.943889617919922,147.76991545338686,154969.63723410218,"[124.41119003295898, 15.943889617919922, 78.12551498413086]","[-88.6564712524414, 35.75471878051758, 37.261810302734375, 53.2056999206543, -28.216331481933594, 49.909183502197266]",open3d,https://huggingface.co/datasets/allenai/objaverse/resolve/main/glbs/000-023/cd4db430210544c892ada5d708fcd40f.glb,cd4db430210544c892ada5d708fcd40f.glb,cd4db430210544c892ada5d708fcd40f,Likely Oversized
1.7796594500541687,2.8211548775434494,1.6803709268569946,2.8211548775434494,1.6803709268569946,3.7349362850094963,8.436629806242745,"[1.7796594500541687, 2.8211548775434494, 1.6803709268569946]","[-1.2243914604187012, 0.5552679896354675, -0.19870762526988983, 2.6224472522735596, -0.5530620813369751, 1.1273088455200195]",open3d,https://huggingface.co/datasets/allenai/objaverse/resolve/main/glbs/000-023/18eb48a937b14e56ae02b7da237ad204.glb,18eb48a937b14e56ae02b7da237ad204.glb,18eb48a937b14e56ae02b7da237ad204,Likely Meters
5.237806916236877,4.464940071105957,1.0391219854354858,5.237806916236877,1.0391219854354858,6.960609573231494,24.301420062091065,"[5.237806916236877, 4.464940071105957, 1.0391219854354858]","[-1.2725239992141724, 3.965282917022705, -2.2324700355529785, 2.2324700355529785, -0.3913620114326477, 0.6477599740028381]",open3d,https://huggingface.co/datasets/allenai/objaverse/resolve/main/glbs/000-023/39a16b32565045399e2cbedc2ae60833.glb,39a16b32565045399e2cbedc2ae60833.glb,39a16b32565045399e2cbedc2ae60833,Likely Meters
96.56361961364746,159.64828777313232,51.943756103515625,159.64828777313232,51.943756103515625,193.67566243574228,800776.1916028991,"[96.56361961364746, 159.64828777313232, 51.943756103515625]","[-29.551420211791992, 67.01219940185547, -0.11857891082763672, 159.5297088623047, -25.105405807495117, 26.838350296020508]",open3d,https://huggingface.co/datasets/allenai/objaverse/resolve/main/glbs/000-023/fa5ffcb180ea48458945ace96f47ddd9.glb,fa5ffcb180ea48458945ace96f47ddd9.glb,fa5ffcb180ea48458945ace96f47ddd9,Likely Oversized
0.8415524363517761,1.8031931596342474,0.3532819151878357,1.8031931596342474,0.3532819151878357,2.0210205802218186,0.5360988047455513,"[0.8415524363517761, 1.8031931596342474, 0.3532819151878357]","[-0.28663963079452515, 0.554912805557251, 0.0038852018769830465, 1.8070783615112305, -0.15732018649578094, 0.19596172869205475]",open3d,https://huggingface.co/datasets/allenai/objaverse/resolve/main/glbs/000-023/f9cd61ec99fb4a309d2da47b6b0d0014.glb,f9cd61ec99fb4a309d2da47b6b0d0014.glb,f9cd61ec99fb4a309d2da47b6b0d0014,Likely Meters
0.7819377183914185,1.6206949949264526,6.123143434524536,6.123143434524536,0.7819377183914185,6.382081508550621,7.759752804541173,"[0.7819377183914185, 1.6206949949264526, 6.123143434524536]","[-0.40204185247421265, 0.3798958659172058, -0.30663812160491943, 1.3140568733215332, -2.995635986328125, 3.127507448196411]",open3d,https://huggingface.co/datasets/allenai/objaverse/resolve/main/glbs/000-023/dacd22d9ff9d40f0a476d2c2bbb30c29.glb,dacd22d9ff9d40f0a476d2c2bbb30c29.glb,dacd22d9ff9d40f0a476d2c2bbb30c29,Likely Meters
77.44491195678711,221.7132784128189,68.81181716918945,221.7132784128189,68.81181716918945,244.7234324593389,1181537.8019271393,"[77.44491195678711, 221.7132784128189, 68.81181716918945]","[-38.117706298828125, 39.327205657958984, -0.8731600046157837, 220.84011840820312, -42.82999038696289, 25.981826782226562]",open3d,https://huggingface.co/datasets/allenai/objaverse/resolve/main/glbs/000-023/2f12bb2287b747089e82a4296d333946.glb,2f12bb2287b747089e82a4296d333946.glb,2f12bb2287b747089e82a4296d333946,Likely Oversized
3.69516921043396,22.416393280029297,2.0394542813301086,22.416393280029297,2.0394542813301086,22.81026823481735,168.93282399624178,"[3.69516921043396, 22.416393280029297, 2.0394542813301086]","[-1.845017671585083, 1.850151538848877, -11.2268705368042, 11.189522743225098, -0.9012177586555481, 1.1382365226745605]",open3d,https://huggingface.co/datasets/allenai/objaverse/resolve/main/glbs/000-023/b358f05d20c649d09b2e491e5ddde48a.glb,b358f05d20c649d09b2e491e5ddde48a.glb,b358f05d20c649d09b2e491e5ddde48a,Likely Meters
0.04614973906427622,0.046214764937758446,0.7822561599314213,0.7822561599314213,0.04614973906427622,0.7849778994752695,0.0016683954237986171,"[0.04614973906427622, 0.046214764937758446, 0.7822561599314213]","[-0.03213977441191673, 0.014009964652359486, -0.029351666569709778, 0.016863098368048668, -0.06041446700692177, 0.7218416929244995]",open3d,https://huggingface.co/datasets/allenai/objaverse/resolve/main/glbs/000-023/8bc2d3459e8243edbde954914cf9469f.glb,8bc2d3459e8243edbde954914cf9469f.glb,8bc2d3459e8243edbde954914cf9469f,Likely Meters
15.7193603515625,4.465880036354065,17.47566795349121,17.47566795349121,4.465880036354065,23.925746483277393,1226.8054790352369,"[15.7193603515625, 4.465880036354065, 17.47566795349121]","[-8.322392463684082, 7.396967887878418, -1.6038750410079956, 2.8620049953460693, -8.552571296691895, 8.923096656799316]",open3d,https://huggingface.co/datasets/allenai/objaverse/resolve/main/glbs/000-023/aa1d778bd11943eca390e7f8a27884fb.glb,aa1d778bd11943eca390e7f8a27884fb.glb,aa1d778bd11943eca390e7f8a27884fb,Likely Meters
28.0,16.16027744114399,51.86166954040527,51.86166954040527,16.16027744114399,61.112906447762306,23466.77111334852,"[28.0, 16.16027744114399, 51.86166954040527]","[-14.0, 14.0, 0.06638233363628387, 16.226659774780273, -27.000001907348633, 24.86166763305664]",open3d,https://huggingface.co/datasets/allenai/objaverse/resolve/main/glbs/000-023/04e056fc338346d4850143b71e7923d4.glb,04e056fc338346d4850143b71e7923d4.glb,04e056fc338346d4850143b71e7923d4,Likely Meters
9.237010717391968,3.20296511054039,9.955976724624634,9.955976724624634,3.20296511054039,13.953595416014489,294.5557656994505,"[9.237010717391968, 3.20296511054039, 9.955976724624634]","[-10.884689331054688, -1.6476786136627197, -0.25000032782554626, 2.9529647827148438, -7.516144275665283, 2.4398324489593506]",open3d,https://huggingface.co/datasets/allenai/objaverse/resolve/main/glbs/000-023/937cec0745864765a76486832408d28a.glb,937cec0745864765a76486832408d28a.glb,937cec0745864765a76486832408d28a,Likely Meters
4.879842638969421,3.5422009229660034,4.42854380607605,4.879842638969421,3.5422009229660034,7.481447172980626,76.54907626176758,"[4.879842638969421, 3.5422009229660034, 4.42854380607605]","[-1.9823106527328491, 2.8975319862365723, -0.6726011037826538, 2.8695998191833496, -1.9425647258758545, 2.4859790802001953]",open3d,https://huggingface.co/datasets/allenai/objaverse/resolve/main/glbs/000-023/26dc6203ba4547788dc226fe9addbc46.glb,26dc6203ba4547788dc226fe9addbc46.glb,26dc6203ba4547788dc226fe9addbc46,Likely Meters
0.190218485891819,0.23247264698147774,0.664567768573761,0.664567768573761,0.190218485891819,0.7292989256790791,0.029387582091041784,"[0.190218485891819, 0.23247264698147774, 0.664567768573761]","[-0.09519810974597931, 0.09502037614583969, -0.036514151841402054, 0.19595849514007568, -0.5167377591133118, 0.14783000946044922]",open3d,https://huggingface.co/datasets/allenai/objaverse/resolve/main/glbs/000-023/8954673ca33a45578f27e4b476b81719.glb,8954673ca33a45578f27e4b476b81719.glb,8954673ca33a45578f27e4b476b81719,Likely Meters
455.56785583496094,449.0566711425781,425.563232421875,455.56785583496094,425.563232421875,768.3085512716048,87059932.26358564,"[455.56785583496094, 449.0566711425781, 425.563232421875]","[-152.88963317871094, 302.67822265625, -535.3848876953125, -86.32821655273438, -3722.379638671875, -3296.81640625]",open3d,https://huggingface.co/datasets/allenai/objaverse/resolve/main/glbs/000-023/65b4185f6e134c6095b92d3fa151b0cb.glb,65b4185f6e134c6095b92d3fa151b0cb.glb,65b4185f6e134c6095b92d3fa151b0cb,Likely Oversized
